{
    "logistic_regression": {
        "accuracy": 0.7605263157894737,
        "macro_f1": 0.7477278441366434,
        "weighted_f1": 0.7611510309934032,
        "classification_report": {
            "0": {
                "precision": 0.8157894736842105,
                "recall": 0.775,
                "f1-score": 0.7948717948717948,
                "support": 40.0
            },
            "1": {
                "precision": 0.6875,
                "recall": 0.75,
                "f1-score": 0.717391304347826,
                "support": 44.0
            },
            "2": {
                "precision": 0.7785714285714286,
                "recall": 0.8014705882352942,
                "f1-score": 0.7898550724637681,
                "support": 136.0
            },
            "3": {
                "precision": 0.7738095238095238,
                "recall": 0.7065217391304348,
                "f1-score": 0.7386363636363636,
                "support": 92.0
            },
            "4": {
                "precision": 0.5806451612903226,
                "recall": 0.6428571428571429,
                "f1-score": 0.6101694915254238,
                "support": 28.0
            },
            "5": {
                "precision": 0.8461538461538461,
                "recall": 0.825,
                "f1-score": 0.8354430379746836,
                "support": 40.0
            },
            "accuracy": 0.7605263157894737,
            "macro avg": {
                "precision": 0.7470782389182219,
                "recall": 0.7501415783704785,
                "f1-score": 0.7477278441366434,
                "support": 380.0
            },
            "weighted avg": {
                "precision": 0.7633210204890574,
                "recall": 0.7605263157894737,
                "f1-score": 0.7611510309934032,
                "support": 380.0
            }
        },
        "confusion_matrix": [
            [
                31,
                3,
                0,
                1,
                2,
                3
            ],
            [
                5,
                33,
                2,
                1,
                2,
                1
            ],
            [
                0,
                2,
                109,
                16,
                8,
                1
            ],
            [
                0,
                7,
                20,
                65,
                0,
                0
            ],
            [
                0,
                1,
                7,
                1,
                18,
                1
            ],
            [
                2,
                2,
                2,
                0,
                1,
                33
            ]
        ],
        "class_names": [
            "Basal",
            "Her2",
            "LumA",
            "LumB",
            "Normal",
            "claudin-low"
        ],
        "classification_report_labeled": {
            "Basal": {
                "precision": 0.8157894736842105,
                "recall": 0.775,
                "f1-score": 0.7948717948717948,
                "support": 40.0
            },
            "Her2": {
                "precision": 0.6875,
                "recall": 0.75,
                "f1-score": 0.717391304347826,
                "support": 44.0
            },
            "LumA": {
                "precision": 0.7785714285714286,
                "recall": 0.8014705882352942,
                "f1-score": 0.7898550724637681,
                "support": 136.0
            },
            "LumB": {
                "precision": 0.7738095238095238,
                "recall": 0.7065217391304348,
                "f1-score": 0.7386363636363636,
                "support": 92.0
            },
            "Normal": {
                "precision": 0.5806451612903226,
                "recall": 0.6428571428571429,
                "f1-score": 0.6101694915254238,
                "support": 28.0
            },
            "claudin-low": {
                "precision": 0.8461538461538461,
                "recall": 0.825,
                "f1-score": 0.8354430379746836,
                "support": 40.0
            },
            "accuracy": 0.7605263157894737,
            "macro avg": {
                "precision": 0.7470782389182219,
                "recall": 0.7501415783704785,
                "f1-score": 0.7477278441366434,
                "support": 380.0
            },
            "weighted avg": {
                "precision": 0.7633210204890574,
                "recall": 0.7605263157894737,
                "f1-score": 0.7611510309934032,
                "support": 380.0
            }
        },
        "confusion_matrix_labeled": {
            "labels": [
                "Basal",
                "Her2",
                "LumA",
                "LumB",
                "Normal",
                "claudin-low"
            ],
            "matrix": [
                [
                    31,
                    3,
                    0,
                    1,
                    2,
                    3
                ],
                [
                    5,
                    33,
                    2,
                    1,
                    2,
                    1
                ],
                [
                    0,
                    2,
                    109,
                    16,
                    8,
                    1
                ],
                [
                    0,
                    7,
                    20,
                    65,
                    0,
                    0
                ],
                [
                    0,
                    1,
                    7,
                    1,
                    18,
                    1
                ],
                [
                    2,
                    2,
                    2,
                    0,
                    1,
                    33
                ]
            ]
        }
    },
    "random_forest": {
        "accuracy": 0.7947368421052632,
        "macro_f1": 0.735428909204033,
        "weighted_f1": 0.7799783394109847,
        "classification_report": {
            "0": {
                "precision": 0.8947368421052632,
                "recall": 0.85,
                "f1-score": 0.8717948717948718,
                "support": 40.0
            },
            "1": {
                "precision": 0.8048780487804879,
                "recall": 0.75,
                "f1-score": 0.7764705882352941,
                "support": 44.0
            },
            "2": {
                "precision": 0.7530864197530864,
                "recall": 0.8970588235294118,
                "f1-score": 0.8187919463087249,
                "support": 136.0
            },
            "3": {
                "precision": 0.77,
                "recall": 0.8369565217391305,
                "f1-score": 0.8020833333333334,
                "support": 92.0
            },
            "4": {
                "precision": 0.8333333333333334,
                "recall": 0.17857142857142858,
                "f1-score": 0.29411764705882354,
                "support": 28.0
            },
            "5": {
                "precision": 0.9393939393939394,
                "recall": 0.775,
                "f1-score": 0.8493150684931506,
                "support": 40.0
            },
            "accuracy": 0.7947368421052632,
            "macro avg": {
                "precision": 0.8325714305610185,
                "recall": 0.7145977956399951,
                "f1-score": 0.735428909204033,
                "support": 380.0
            },
            "weighted avg": {
                "precision": 0.8036130311212175,
                "recall": 0.7947368421052632,
                "f1-score": 0.7799783394109847,
                "support": 380.0
            }
        },